Categories,Component,Price,References
Model,2026 KING AIRE,"$1,700,320",N/A
Model,2026 ESSEX,"$1,099,950",N/A
Model,2026 LONDON AIRE,"$946,608",N/A
Model,2026 MOUNTAIN AIRE,"$861,212",N/A
Model,2026 NEW AIRE,"$643,365",N/A
Model,2026 DUTCH STAR,"$618,570",N/A
Model,2026 VENTANA,"$503,005",N/A
Model,2026 NORTHERN STAR,"$404,132",N/A
Model,2026 CANYON STAR,"$374,220",N/A
Model,2026 BAY STAR,"$263,900",N/A
Model,2026 BAY STAR SPORT,"$235,760",N/A
Model,2026 SUMMIT AIRE,"$896,288",N/A
Model,2026 SUPREME AIRE,"$672,216",N/A
Model,2026 SUPER STAR,"$501,120",N/A
Model,2026 GRAND STAR,"$369,626",N/A
Model,2026 FREEDOM AIRE,"$299,680",N/A
Model,2026 KING AIRE,"$1,700,320",N/A
Model,2026 ESSEX,"$1,099,950",N/A
Model,2026 LONDON AIRE,"$946,608",N/A
Model,2026 MOUNTAIN AIRE,"$861,212",N/A
Model,2026 NEW AIRE,"$643,365",N/A
Model,2026 DUTCH STAR,"$618,570",N/A
Model,2026 VENTANA,"$503,005",N/A
Model,2026 NORTHERN STAR,"$404,132",N/A
Model,2026 CANYON STAR,"$374,220",N/A
Model,2026 BAY STAR,"$263,900",N/A
Model,2026 BAY STAR SPORT,"$235,760",N/A
Model,2026 SUMMIT AIRE,"$896,288",N/A
Model,2026 KING AIRE,"$1,700,320",N/A
Model,2026 ESSEX,"$1,099,950",N/A
Model,2026 SUPREME AIRE,"$672,216",N/A
Model,2026 SUPER STAR,"$501,120",N/A
Model,2026 GRAND STAR,"$369,626",N/A
Model,2026 FREEDOM AIRE,"$299,680",N/A
Model,2026 LONDON AIRE,"$946,608",N/A
Model,2026 MOUNTAIN AIRE,"$861,212",N/A
Model,2026 NEW AIRE,"$643,365",N/A
Model,2026 DUTCH STAR,"$618,570",N/A
Model,2026 VENTANA,"$503,005",N/A
Model,2026 NORTHERN STAR,"$404,132",N/A
Model,2026 KING AIRE,"$1,700,320",N/A
Model,2026 ESSEX,"$1,099,950",N/A
Model,2026 CANYON STAR,"$374,220",N/A
Model,2026 BAY STAR,"$263,900",N/A
Model,2026 BAY STAR SPORT,"$235,760",N/A
Model,2026 SUMMIT AIRE,"$896,288",N/A
Model,2026 LONDON AIRE,"$946,608",N/A
Model,2026 MOUNTAIN AIRE,"$861,212",N/A
Model,2026 SUPREME AIRE,"$672,216",N/A
Model,2026 SUPER STAR,"$501,120",N/A
Model,2026 GRAND STAR,"$369,626",N/A
Model,2026 FREEDOM AIRE,"$299,860",N/A
Floor Plan,2026 KING AIRE - 4521,"$1,717,120",N/A
Floor Plan,2026 KING AIRE - 4531,"$1,717,120",N/A
Floor Plan,2026 KING AIRE - 4540,"$1,717,120",N/A
Floor Plan,2026 KING AIRE - 4596,"$1,717,120",N/A
Model,2026 KING AIRE,"$1,700,320",N/A
Model,2026 ESSEX,"$1,099,950",N/A
Model,2026 NEW AIRE,"$643,365",N/A
Model,2026 DUTCH STAR,"$618,570",N/A
Model,2026 VENTANA,"$503,005",N/A
Model,2026 NORTHERN STAR,"$404,132",N/A
Model,2026 CANYON STAR,"$374,220",N/A
Model,2026 BAY STAR,"$263,900",N/A
Model,2026 BAY STAR SPORT,"$235,760",N/A
Model,2026 SUMMIT AIRE,"$896,288",N/A
Model,2026 LONDON AIRE,"$946,608",N/A
Model,2026 MOUNTAIN AIRE,"$861,212",N/A
Model,2026 SUPREME AIRE,"$672,216",N/A
Model,2026 SUPER STAR,"$501,120",N/A
Model,2026 GRAND STAR,"$369,626",N/A
Model,2026 FREEDOM AIRE,"$299,860",N/A
Floor Plan (2026 KING AIRE),4521,"$1,717,120",N/A
Floor Plan (2026 KING AIRE),4531,"$1,717,120",N/A
Floor Plan (2026 KING AIRE),4540,"$1,717,120",N/A
Floor Plan (2026 KING AIRE),4596,"$1,717,120",N/A
Model,2026 KING AIRE,"$1,700,320",N/A
Model,2026 ESSEX,"$1,099,950",N/A
Model,2026 NEW AIRE,"$643,365",N/A
Model,2026 DUTCH STAR,"$618,570",N/A
Model,2026 VENTANA,"$503,005",N/A
Model,2026 NORTHERN STAR,"$404,132",N/A
Model,2026 CANYON STAR,"$374,220",N/A
Model,2026 BAY STAR,"$263,900",N/A
Model,2026 BAY STAR SPORT,"$235,760",N/A
Model,2026 SUMMIT AIRE,"$896,288",N/A
